<application>
  <component name="FileTypeManager" version="18">
    <extensionMap>
      <mapping pattern="item_bg_sharp" type="DTD" />
      <mapping pattern="item_bg.xml" type="DTD" />
      <mapping pattern="aab_brightness" type="Image" />
      <mapping ext="gradle.kts" type="Kotlin" />
      <mapping ext="main.kts" type="Kotlin" />
      <mapping ext="db" type="Native" />
      <mapping pattern="other" type="PLAIN_TEXT" />
      <mapping pattern="variations_seed" type="PLAIN_TEXT" />
      <mapping pattern="make_ap_mssi_log" type="PLAIN_TEXT" />
      <mapping ext="lock" type="PLAIN_TEXT" />
      <mapping ext="md" type="PLAIN_TEXT" />
      <removed_mapping ext="apk" approved="true" type="ARCHIVE" />
      <removed_mapping ext="md" approved="true" type="Markdown" />
      <removed_mapping ext="mk" approved="true" type="PLAIN_TEXT" />
      <removed_mapping ext="psd" approved="true" type="Image" />
    </extensionMap>
  </component>
</application>