<application>
  <component name="GeneralSettings">
    <option name="autoSaveIfInactive" value="true" />
    <option name="confirmOpenNewProject2" value="0" />
    <option name="defaultProjectDirectory" value="E:\AndroidStudioProjects" />
    <option name="inactiveTimeout" value="10" />
    <option name="showTipsOnStartup" value="false" />
  </component>
  <component name="Registry">
    <entry key="external.system.auto.import.disabled" value="true" />
    <entry key="debugger.watches.in.variables" value="false" />
  </component>
</application>