<application>
  <component name="ProjectManager">
    <defaultProject>
      <component name="ProjectViewState">
        <option name="autoscrollFromSource" value="true" />
        <option name="hideEmptyMiddlePackages" value="true" />
        <option name="showLibraryContents" value="true" />
      </component>
      <component name="PropertiesComponent">
        <property name="android.sdk.path" value="D:/Android/sdk" />
        <property name="project.structure.last.edited" value="SDK Location" />
        <property name="project.structure.proportion" value="0.17" />
        <property name="project.structure.side.proportion" value="0.0" />
        <property name="settings.editor.selected.configurable" value="AndroidSdkUpdater" />
      </component>
      <component name="RunManager">
        <configuration default="true" type="AndroidRunConfigurationType" factoryName="Android App">
          <option name="DEPLOY" value="true" />
          <option name="DEPLOY_APK_FROM_BUNDLE" value="false" />
          <option name="DEPLOY_AS_INSTANT" value="false" />
          <option name="ARTIFACT_NAME" value="" />
          <option name="PM_INSTALL_OPTIONS" value="" />
          <option name="ALL_USERS" value="false" />
          <option name="DYNAMIC_FEATURES_DISABLED_LIST" value="" />
          <option name="ACTIVITY_EXTRA_FLAGS" value="" />
          <option name="MODE" value="default_activity" />
          <option name="CLEAR_LOGCAT" value="true" />
          <option name="SHOW_LOGCAT_AUTOMATICALLY" value="false" />
          <option name="SKIP_NOOP_APK_INSTALLATIONS" value="true" />
          <option name="FORCE_STOP_RUNNING_APP" value="true" />
          <option name="TARGET_SELECTION_MODE" value="SHOW_DIALOG" />
          <option name="SELECTED_CLOUD_MATRIX_CONFIGURATION_ID" value="-1" />
          <option name="SELECTED_CLOUD_MATRIX_PROJECT_ID" value="" />
          <option name="DEBUGGER_TYPE" value="Auto" />
          <Auto>
            <option name="USE_JAVA_AWARE_DEBUGGER" value="false" />
            <option name="SHOW_STATIC_VARS" value="true" />
            <option name="WORKING_DIR" value="" />
            <option name="TARGET_LOGGING_CHANNELS" value="lldb process:gdb-remote packets" />
            <option name="SHOW_OPTIMIZED_WARNING" value="true" />
          </Auto>
          <Hybrid>
            <option name="USE_JAVA_AWARE_DEBUGGER" value="false" />
            <option name="SHOW_STATIC_VARS" value="true" />
            <option name="WORKING_DIR" value="" />
            <option name="TARGET_LOGGING_CHANNELS" value="lldb process:gdb-remote packets" />
            <option name="SHOW_OPTIMIZED_WARNING" value="true" />
          </Hybrid>
          <Java />
          <Native>
            <option name="USE_JAVA_AWARE_DEBUGGER" value="false" />
            <option name="SHOW_STATIC_VARS" value="true" />
            <option name="WORKING_DIR" value="" />
            <option name="TARGET_LOGGING_CHANNELS" value="lldb process:gdb-remote packets" />
            <option name="SHOW_OPTIMIZED_WARNING" value="true" />
          </Native>
          <Profilers>
            <option name="ADVANCED_PROFILING_ENABLED" value="false" />
            <option name="STARTUP_PROFILING_ENABLED" value="false" />
            <option name="STARTUP_CPU_PROFILING_ENABLED" value="false" />
            <option name="STARTUP_CPU_PROFILING_CONFIGURATION_NAME" value="Sample Java Methods" />
            <option name="STARTUP_NATIVE_MEMORY_PROFILING_ENABLED" value="false" />
            <option name="NATIVE_MEMORY_SAMPLE_RATE_BYTES" value="2048" />
          </Profilers>
          <option name="DEEP_LINK" value="" />
          <option name="ACTIVITY_CLASS" value="" />
          <option name="SEARCH_ACTIVITY_IN_GLOBAL_SCOPE" value="false" />
          <option name="SKIP_ACTIVITY_VALIDATION" value="false" />
          <method v="2" />
        </configuration>
      </component>
    </defaultProject>
  </component>
</application>